The 3M Company formerly known as the Minnesota Mining and Manufacturing Company is an American multinational conglomerate corporation based in Maplewood Minnesota a suburb of St Paul.,Industrials
Abbott Laboratories is an American health care company with headquarters in Lake Bluff Illinois United States.,Health Care
AbbVie is a publicly traded biopharmaceutical company founded in 2013 It originated as a spin off of Abbott Laboratories.,Health Care
Accenture is a global management consulting and professional services firm that provides strategy consulting digital technology and operations services.,Information Technology
Activision Blizzard is an American interactive entertainment company Headquartered in Santa Monica California and founded in 2008 through the merger of Vivendi Games and Activision the company .,Information Technology
Acuity Brands is a lighting and building management solutions provider headquartered in Atlanta Ga with operations throughout North America and in Europe and Asia.,Industrials
Adobe Systemsorporated commonly known as Adobe is an American multinational computer software company The company is headquartered in San Jose California United States.,Information Technology
Advance Auto Parts is a retailer of automotive parts and accessories in the United States headquartered in Roanoke Virginia AAP was founded in 1932 and had 2015 sales of approximately 974 billion.,Consumer Discretionary
Advanced Micro Devices is an American multinational semiconductor company based in Santa Clara California that develops computer processors and related technologies for business and consumer markets.,Information Technology
The AES Corporation is a Fortune 200 company that generates and distributes electrical power AES is headquartered in Arlington Virginia and is one of the worlds leading power companies generating .,Utilities
Aetna is an American managed health care company which sells traditional and consumer directed health care insurance plans and related services such as medical pharmaceutical dental behavioral health long term care and disability plans.,Health Care
Affiliated Managers Group is an American international investment management company headquartered in Massachusetts that owns stakes in a number of boutique asset management hedge fund and specialized private equity firms.,Financials
Aflac is an American insurance company and is the largest provider of supplemental insurance in the United States The company was founded in 1955 and is based in Columbus Georgia.,Financials
Agilent Technologies is an American public research development and manufacturing company established in 1999 as a spin off from Hewlett Packard The resulting IPO of Agilent stock was the largest in the history of Silicon Valley at the time.,Health Care
Air Products and Chemicals is an American international corporation whose principal business is selling gases and chemicals for industrial uses.,Materials
Alaska Air Group is an airline holding company based in SeaTac Washington It owns two certificated airlines operating in the United States: Alaska Airlines and Horizon Air.,Industrials
Akamai Technologies is an American content delivery network and cloud service provider headquartered in Cambridge Massachusetts in the United States.,Information Technology
Albemarle Corporation is a chemical company with corporate headquarters in Charlotte North Carolina It is a specialty chemical manufacturing enterprise.,Materials
Alexandria Real Estate Equities is a major United States real estate investment trust.,Real Estate
Alexion Pharmaceuticals is an American pharmaceutical company best known for its development of Soliris a drug used to treat the rare disorders atypical hemolytic uremic syndrome and paroxysmal nocturnal hemoglobinuria.,Health Care
Align Technology is a manufacturer of 3D digital scanners and a clear aligners used in orthodontics It is headquartered in San Jose California it manufactures the aligners in Juarez Mexico and its scanners in Israel.,Health Care
Allegion Plc is a provider of security products and solutions for homes and businesses It makes 31 global brands including CISA Interflex LCN Schlage and Von Duprin.,Industrials
Allergan plc is a multinational company in the pharmaceutical industry that produces branded drugs and performs pharmaceutical research and development.,Health Care
Alliance Data Systems Corporation is a publicly traded provider of loyalty and marketing services such as private label credit cards coalition loyalty programs and direct marketing derived from the capture and analysis of transaction rich data.,Information Technology
Alliant Energy Corporation is a public utility holding company that incorporated in Madison Wisconsin in 1981.,Utilities
The Allstate Corporation is the one of the largest insurance providers in the United States and one of the largest that is publicly held The company also has personal lines insurance operations in Canada.,Financials
Altria Group is an American corporation and one of the worlds largest producers and marketers of tobacco cigarettes and related products It operates worldwide and is headquartered in Henrico County Virginia.,Consumer Staples
Amazoncom doing business as Amazon is an American electronic commerce and cloud computing company based in Seattle Washington that was founded by Jeff Bezos on July 5 1994.,Consumer Discretionary
Ameren Corporation is an American power company created December 31 1997 by the merger of St Louis Missouris Union Electric Company and the neighboring Central Illinois Public Service Company of Springfield Illinois.,Utilities
American Airlines Group is an American publicly traded airline holding company headquartered in Fort Worth Texas.,Industrials
American Electric Power is a major investor owned electric utility in the United States of America delivering electricity to more than five million customers in 11 states.,Utilities
The American Express Company also known as Amex is an American multinational financial services corporation headquartered in Three World Financial Center in New York City.,Financials
American International Group also known as AIG is an American multinational finance and insurance corporation with operations in more than 80 countries and jurisdictions As of December 31 2016 AIG companies employed 56400 people.,Financials
American Tower Corporation is a publicly held company owner and operator of wireless and broadcast communications infrastructure in several countries American Tower is headquartered in Boston Massachusetts and has local offices worldwide.,Real Estate
American Water is an American public utility company operating in the United States and Canada It was founded in 1886 as the American Water Works  Guarantee Company.,Utilities
Ameriprise Financial is an American diversified financial services company Ameriprise Financial engages in business through its subsidiaries providing financial planning products and services .,Financials
AmerisourceBergen Corporation is an American drug wholesale company that was formed by the merger of Bergen Brunswig and AmeriSource in 2001.,Health Care
"AMETEK is an American global manufacturer of electronic instruments and electromechanical devices with headquarters in the United States and over 220 manufacturing sites worldwide
The company was founded in 1930.",Industrials
Amgen is an American multinational biopharmaceutical company headquartered in Thousand Oaks California Located in the Conejo Valley Amgen is the worlds largest independent biotechnology firm.,Health Care
Amphenol Corporation is a major producer of electronic and fiber optic connectors cable and interconnect systems such as coaxial cables Amphenol is a portmanteau from the corporations original name American Phenolic Corp.,Information Technology
Anadarko Petroleum Corporation is an American petroleum and natural gas exploration and production company headquartered in two skyscrapers in The Woodlands Texas: the Allison Tower and the Hackett .,Energy
Analog Devices also known as ADI or Analog is an American multinational semiconductor company specializing in data conversion and signal processing technology headquartered in Norwood Massachusetts.,Information Technology
Andeavor formerly known as Tesoro Corporation or simply as Tesoro is a Fortune 100 and a Fortune Global 500 company headquartered in Texas at San Antonio with 2013 annual revenues of 37 billion and over 13000 employees worldwide.,Energy
Ansys is a public company based in Canonsburg Pennsylvania It develops and markets engineering simulation software.,Information Technology
Anthem is an American health insurance company founded in the 1940s prior to 2014 known as WellPoint It is the largest for profit managed health care company in the Blue Cross and Blue Shield Association.,Health Care
Aon plc is a global professional services firm headquartered in London that provides risk retirement and health consulting Aon has approximately 500 offices worldwide serving 120 countries with 69000 employees.,Financials
Apache Corporation is an American petroleum and natural gas exploration and production company incorporated in Delaware and headquartered in Houston The company is on the Fortune 500.,Energy
Apple is an American multinational technology company headquartered in Cupertino California that designs develops and sells consumer electronics computer software and online services.,Information Technology
Applied Materials is an American corporation that supplies equipment services and software to enable the manufacture of semiconductor chips for electronics flat panel displays for computers smartphones and televisions and solar products.,Information Technology
"Aptiv PLC is a global automotive parts technology company headquartered in Gillingham Kent UK
With offices worldwide the company operates manufacturing sites 14 technical centers and customer centers across 45 countries.",Consumer Discretionary
The Archer Daniels Midland Company is an American global food processing and commodities trading corporation headquartered in Chicago Illinois.,Consumer Staples
Alcoa Corporation is an American industrial corporation It is the worlds sixth largest producer of aluminium with corporate headquarters in Pittsburgh Pennsylvania Alcoa conducts operations in 10 countries.,Industrials
Arthur J Gallagher  Co is a US based global insurance brokerage and risk management services firm headquartered at in Rolling Meadows Illinois The firm was established in 1927 and is the third largest insurance broker in the world.,Financials
Assurant is a global provider of risk management products and services with headquarters in New York City.,Financials
Autodesk is an American multinational software corporation that makes software for the architecture engineering construction manufacturing media and entertainment industries.,Information Technology
Automatic Data Processing commonly known as ADP is an American provider of human resources management software and services As of 2010 ADP was one of four American companies to have a AAA credit rating from Standard  Poors and Moodys.,Information Technology
AutoZone is the largest retailer of aftermarket automotive parts and accessories in the United States Founded in 1979 AutoZone has over 6000 stores across the United States Mexico and Brazil The company is based in Memphis Tennessee.,Consumer Discretionary
AvalonBay Communities is a publicly traded real estate investment trust that invests in apartments.,Real Estate
Avery Dennison Corporation is a global manufacturer and distributor of pressure sensitive adhesive materials apparel branding labels and tags RFID inlays and specialty medical products.,Materials
Baker Hughes a GE company is an international industrial service company and one of the worlds largest oil field services companies As of July 2017 Baker Hughes is 625% owned by General Electric Company and 375% publicly traded.,Energy
Ball Corporation is an American company headquartered in Broomfield Colorado that is best known for its early production of glass jars lids and related products used for home canning.,Materials
Bank of America Corporation is an American multinational financial services company headquartered in Charlotte North Carolina It is ranked 2nd on the list of largest banks in the United States by assets.,Financials
Baxter International is a Fortune 500 American health care company with headquarters in Deerfield Illinois.,Health Care
BlackBerry Limited is a Canadian multinational company specializing in enterprise software and the Internet of things.,Financials
Becton Dickinson and Company is an American medical technology company that manufactures and sells medical devices instrument systems and reagents.,Health Care
Berkshire Hathaway is an American multinational conglomerate holding company headquartered in Omaha Nebraska United States.,Financials
Best Buy Co is an American multinational consumer electronics retailer headquartered in Richfield Minnesota It was originally founded by Richard M Schulze and James Wheeler in 1966 as an audio specialty store called Sound of Music.,Consumer Discretionary
Biogen is an American multinational biotechnology company based in Cambridge Massachusetts specializing in the discovery development and delivery of therapies for the treatment of neurodegenerative .,Health Care
BlackRock is an American global investment management corporation based in New York City Founded in 1988 initially as a risk management and fixed income institutional asset manager BlackRock .,Financials
Prisoner is an Australian soap opera set in the Wentworth Detention Centre a fictional womens prison.,Financials
The Boeing Company is an American multinational corporation that designs manufactures and sells airplanes rotorcraft rockets and satellites worldwide The company also provides leasing and product support services.,Industrials
Booking Holdings is an American company that owns and operates several travel fare aggregators and travel fare metasearch engines including namesake and flagship Bookingcom Pricelinecom Agodacom .,Consumer Discretionary
BorgWarner is an American worldwide automotive industry components and parts supplier It is primarily known for its powertrain products which include manual and automatic transmissions and .,Consumer Discretionary
Boston Properties a self administered and self managed American real estate investment trust is one of the largest owners managers and developers of Class A office properties in the United .,Real Estate
Boston Scientific Corporation is a manufacturer of medical devices used in interventional medical specialties including interventional radiology interventional cardiology peripheral interventions .,Health Care
Brighthouse Financial is a major provider of annuities and life insurance in the US with more than 220 billion in total assets and approximately 27 million insurance policies and annuity contracts in force.,Financials
"Bristol Myers Squibb is an American pharmaceutical company headquartered in New York City
Bristol Myers Squibb manufactures prescription pharmaceuticals in several therapeutic areas including cancer .",Health Care
The Brown Forman Corporation is one of the largest American owned companies in the spirits and wine business.,Consumer Staples
CH Robinson is a Fortune 500 provider of multimodal transportation services and third party logistics The company offers freight transportation transportation management brokerage and warehousing.,Industrials
CA Technologies formerly known as Computer Associates International and CA is an American multinational publicly held corporation headquartered in New York City.,Information Technology
Cabot Oil  Gas Corporation is a petroleum natural gas and natural gas liquids exploration and production company organzied in Delaware and based in Houston Texas.,Energy
Cadence Design Systems is an American multinational electronic design automation software and engineering services company founded in 1988 by the merger of SDA Systems and ECAD.,Information Technology
The Campbell Soup Company also known as just Campbells is an American producer of canned soups and related products that are sold in 120 countries around the world It is headquartered in Camden New Jersey.,Consumer Staples
Capital One Financial Corporation is a bank holding company specializing in credit cards auto loans banking and savings products headquartered in McLean Virginia.,Financials
Cardinal Health is a Fortune 500 health care services company based in Dublin Ohio The company specializes in distribution of pharmaceuticals and medical products serving more than 100000 locations.,Health Care
CarMax is the United States largest used car retailer and a Fortune 500 company The first CarMax location opened in September 1993 As of March 2017 the company had 173 locations.,Consumer Discretionary
Carnival Corporation  plc is a United States based cruise company and the worlds largest travel leisure company with a combined fleet of over 100 vessels across 10 cruise line brands.,Consumer Discretionary
Caterpillar is an American Fortune 100 corporation which designs develops engineers manufactures markets and sells machinery engines financial products and insurance to customers via a worldwide dealer network.,Industrials
Cboe Global Markets is an American company that owns the Chicago Board Options Exchange and the stock exchange operator BATS Global Markets.,Financials
CBRE Group is the largest commercial real estate services and investment firm in the world It is based in Los Angeles California and operates more than 450 offices worldwide and has clients in more than 100 countries.,Real Estate
CBS Corporation is an American mass media corporation focused on commercial broadcasting publishing and television production with most of its operations in the United States.,Consumer Discretionary
Celgene Corporation is an American biotechnology company that discovers develops and commercializes medicines for cancer and inflammatory disorders It is incorporated in Delaware and headquartered in Summit New Jersey.,Health Care
Centene Corporation is a large publicly traded company and a leading multi line healthcare enterprise that serves as a major intermediary for both government sponsored and privately insured health care programs.,Health Care
CenterPoint Energy is a Fortune 500 electric and natural gas utility serving several markets in the US states of Arkansas Louisiana Minnesota Mississippi Oklahoma and Texas.,Utilities
CenturyLink is an American telecommunications company headquartered in Monroe Louisiana that provides communications and data services to residential business governmental and wholesale customers in 37 states.,Telecommunication Services
Cerner Corporation is an American supplier of health information technology solutions services devices and hardware.,Health Care
CF Industries Holdings is a North American manufacturer and distributor of agricultural fertilizers based in Deerfield Illinois a suburb of Chicago It was founded in 1946 as the Central Farmers Fertilizer Company.,Materials
The Charles Schwab Corporation is a bank and brokerage firm based in San Francisco California It was founded in 1971 by Charles R Schwab and is one of the largest banks in the United States and is .,Financials
Charter Communications is an American telecommunications company that offers its services to consumers and businesses under the branding of Spectrum.,Consumer Discretionary
Chevron Corporation is an American multinational energy corporation One of the successor companies of Standard Oil it is headquartered in San Ramon California and active in more than 180 countries.,Energy
Chipotle Mexican Grill is an American chain of fast casual restaurants in the United States United Kingdom Canada Germany and France specializing in tacos and Mission style burritos.,Consumer Discretionary
Chubb Limited is the worlds largest publicly traded property and casualty insurer The company has offices in 54 countries.,Financials
Cigna is an American worldwide health services organization based in suburban Bloomfield Connecticut and Philadelphia Pennsylvania.,Health Care
Cimarex Energy Co is a petroleum and natural gas exploration and production company organized in Delaware and headquartered in Denver Colorado with operations primarily in Texas Oklahoma and New Mexico.,Energy
Cincinnati Financial Corporation offers property and casualty insurance its main business through The Cincinnati Insurance Company The Cincinnati Indemnity Company and The Cincinnati Casualty Company.,Financials
Cintas Corporation is an American company with headquarters in Cincinnati Ohio that provides specialized services to businesses primarily in North America.,Industrials
Cisco Systems is an American multinational technology conglomerate headquartered in San Jose California in the center of Silicon Valley that develops manufactures and sells networking hardware .,Information Technology
Citigroup or Citi is an American multinational investment bank and financial services corporation headquartered in New York City.,Financials
Citizens Financial Group is an American bank headquartered in Providence Rhode Island which operates in the states of Connecticut Delaware Massachusetts Michigan New Hampshire New Jersey .,Financials
Citrix Systems is an American multinational software company that provides server application and desktop virtualization networking software as a service and cloud computing technologies.,Information Technology
CME Group is an American financial market company operating an options and futures exchange It owns and operates large derivatives and futures exchanges in Chicago New York City and exchange .,Financials
CMS Energy based in Jackson Michigan is an energy company that is focused principally on utility operations in Michigan.,Utilities
The Coca Cola Company is an American multinational beverage corporation and manufacturer retailer and marketer of nonalcoholic beverage concentrates and syrups.,Consumer Staples
Cognizant is an American multinational corporation that provides IT services including digital technology consulting and operations services It is headquartered in Teaneck New Jersey United States.,Information Technology
The Colgate Palmolive Company is an American worldwide consumer products company focused on the production distribution and provision of household health care and personal care products.,Consumer Staples
Comcast Corporation is an American global telecommunications conglomerate that is the largest broadcasting and cable television company in the world by revenue.,Consumer Discretionary
Comericaorporated is a financial services company headquartered in Dallas Texas It has retail banking operations in Texas Michigan Arizona California and Florida with select business operations .,Financials
Conagra Brands is a North American packaged foods company headquartered in Chicago Illinois Conagra makes and sells products under various brand names that are available in supermarkets restaurants and food service establishments.,Consumer Staples
Concho Resources is a petroleum and natural gas exploration and production company organized in Delaware and headquartered in Midland Texas with operations exclusively in the Permian Basin.,Energy
ConocoPhillips Company is an American multinational energy corporation with its headquarters located in the Energy Corridor district of Houston Texas in the United States.,Energy
Consolidated Edison commonly known as Con Edison or Con Ed is one of the largest investor owned energy companies in the United States with approximately 13 billion in annual revenues as of 2016 and over 47 billion in assets.,Utilities
Constellation Brands a Fortune 500 company is an international producer and marketer of beer wine and spirits.,Consumer Staples
Corningorporated is an American multinational technology company that specializes in specialty glass ceramics and related materials and technologies including advanced optics primarily for industrial and scientific applications.,Information Technology
Costco Wholesale Corporation trading as Costco is an American multinational corporation which operates a chain of membership only warehouse clubs.,Consumer Staples
Coty is an American beauty products manufacturer with operations in over 150 countries Based in New York the company was founded in Paris France by Franois Coty in 1904.,Consumer Staples
Crown Castle International Corp is an American corporation headquartered in Houston Texas which provides infrastructure for broadcasting mobile telephony and wireless broadband including small cell .,Real Estate
CSRA provides information technology services to US government clients in national security civil government and health care and public health.,Information Technology
The CSX Corporation is an American holding company focused on rail transportation and real estate in North America among other industries The company was established in 1980 as part of the Chessie System and Seaboard Coast Line Industries merger.,Industrials
Cummins is an American Fortune 500 corporation that designs manufactures and distributes engines filtration and power generation products.,Industrials
CVS Health Corporation is an American retail pharmacy and health care company headquartered in Woonsocket Rhode Island.,Consumer Staples
D R Horton is a home construction company incorporated in Delaware and headquartered in Arlington Texas In 2017 the company was the largest home builder in the United States based on the number of homes closed.,Consumer Discretionary
The Danaher Corporation is a globally diversified conglomerate with its headquarters in Washington DC United States Danaher is #144 on the 2017 Fortune 500 list.,Health Care
Darden Restaurants is an American multi brand restaurant operator headquartered in Orlando As of April 2017 the firm owns two fine dining restaurant chains: Eddie Vs Prime Seafood and The .,Consumer Discretionary
DaVita is an American healthcare company It is best known as one of the largest kidney care providers in the United States Originally named Total Renal Care the company was restructured as DaVita by CEO Kent Thiry in 1999.,Health Care
Delta Air Lines commonly referred to as Delta is a major American airline with its headquarters and largest hub at HartsfieldJackson Atlanta International Airport in Atlanta Georgia.,Industrials
Dentsply Sirona is an American dental equipment maker and dental consumables producer that markets its products in over 120 countries It has factories in 21 countries.,Health Care
Devon Energy Corporation is an American independent natural gas natural gas liquids and petroleum exploration company focused on onshore exploration and production in North America.,Energy
Digital Realty Trust is a real estate investment trust that invests in carrier neutral data centers and provides colocation and peering services.,Real Estate
Discover Financial Services is an American financial services company which issues the Discover Card and operates the Discover and Pulse networks and owns Diners Club International.,Financials
Dish Network Corporation is an American based direct broadcast satellite service provider The company provides satellite television audio programming and interactive television services to commercial .,Consumer Discretionary
Dollar General Corporation is an American chain of variety stores headquartered in Goodlettsville Tennessee As of August 2017 Dollar General operated over 16500 stores in 45 of the 48 contiguous United States.,Consumer Discretionary
Dollar Tree formerly known as Only 100 is an American chain of discount variety stores that sells items for 1 or less.,Consumer Discretionary
Dominion Energy commonly referred to as Dominion is an American power and energy company headquartered in Richmond Virginia that supplies electricity in parts of Virginia and North Carolina .,Utilities
Dover Corporation is an American conglomerate manufacturer of industrial products Founded in 1955 in New York City Dover is now based in Downers Grove Illinois and employs more than 26000 people worldwide.,Industrials
The Dow Chemical Company commonly referred to as Dow is an American multinational chemical corporation headquartered in Midland Michigan United States and the predecessor of the merged company DowDuPont.,Materials
Dr Pepper Snapple Group is an American soft drink company based in Plano Texas Formerly called Cadbury Schweppes Americas Beverages on May 5 2008 it was spun off from Britains Cadbury .,Consumer Staples
DTE Energy Co is an American Detroit Michigan based utility incorporated in 1995 involved in the development and management of energy related businesses and services nationwide.,Utilities
Duke Energy headquartered in Charlotte North Carolina is an electric power holding company in the United States with assets also in Canada and Latin America.,Utilities
Duke Realty is a major United States real estate investment trust based in Indianapolis Indiana It mainly owns industrial warehouses.,Real Estate
DXC Technology is an end to end services company headquartered in Tysons Corner Virginia DXC provides information technology and consulting services to businesses and governments.,Information Technology
E Trade Financial Corporation is a financial services company organized in Delaware and headquartered in New York City The company provides services for individuals and institutions that are investing online.,Financials
Eastman Chemical Company an American Fortune 500 company is a global specialty chemical company that produces a broad range of advanced materials chemicals and fibers for everyday purposes.,Materials
Eaton Corporation Plc is a multinational power management company with 2017 sales of 204 billion founded in the United States with corporate headquarters in Dublin Ireland.,Industrials
eBay is a multinational e commerce corporation based in San Jose California that facilitates consumer to consumer and business to consumer sales through its website.,Information Technology
Ecolab headquartered in St Paul Minnesota is an American global provider of water hygiene and energy technologies and services to the food energy healthcare industrial and hospitality markets.,Materials
Edison International is a public utility holding company based in Rosemead California Its subsidiaries include Southern California Edison and un regulated non utility business assets Edison Energy.,Utilities
Edwards Lifesciences is an American medical equipment company specializing in artificial heart valves and hemodynamic monitoring.,Health Care
Electronic Arts is an American video game company headquartered in Redwood City California Founded and incorporated on May 28 1982 by Trip Hawkins the company was a pioneer of the early home .,Information Technology
The Emerson Electric Company is an American multinational corporation headquartered in Ferguson Missouri United States.,Industrials
Entergy Corp is an integrated energy company engaged primarily in electric power production and retail distribution operations in the Deep South of the United States It is headquartered in the Central Business District of New Orleans Louisiana.,Utilities
"Envision Healthcare is an American healthcare company and national hospital based physician group
It has been a part of the SP 500 index since December 2 2016 where it replaced Legg Mason.",Health Care
"EOG Resources is an American petroleum and natural gas exploration company organized in Delaware and headquartered in the Heritage Plaza building in Houston Texas
The company is ranked 356th on the Fortune 500.",Energy
EQT Corporation is a petroleum and natural gas exploration and pipeline transport company headquartered in EQT Plaza in Pittsburgh Pennsylvania.,Energy
Equifax is a consumer credit reporting agency Equifax collects and aggregates information on over 800 million individual consumers and more than 88 million businesses worldwide.,Industrials
Equinix is an American multinational company headquartered in Redwood City California that specializes in internet connection and related services.,Real Estate
"Equity Residential is a publicly traded real estate investment trust that invests in apartments
As of December 31 2017 the company owned or had investments in 305 properties consisting of 78611 .",Real Estate
Essex Property Trust is a publicly traded real estate investment trust that invests in apartments primarily on the West Coast of the United States.,Real Estate
The Este Lauder Companies is an American manufacturer and marketer of prestige skincare makeup fragrance and hair care products.,Consumer Staples
Everest Re Group is a reinsurance company based in Hamilton Bermuda.,Financials
Eversource Energy is a publicly traded Fortune 500 energy company headquartered in Hartford Connecticut and Boston Massachusetts with several regulated subsidiaries offering retail electricity .,Utilities
Exelon Corporation is an American Fortune 100 energy company headquartered in Chicago Illinois It generates revenues of approximately 335 billion and employs approximately 34000 people.,Utilities
Expedia Group is a global travel company Its websites which are primarily travel fare aggregators and travel metasearch engines include Expediacom Hotelscom Hotwirecom CarRentalscom trivago Venerecom Travelocity Orbitz and HomeAway.,Consumer Discretionary
Expeditors is a global logistics and freight forwarding company headquartered in Seattle Washington.,Industrials
Express Scripts Holding Company is an American Fortune 100 company As of 2017 the company is the 22nd largest in the United States as well as the largest pharmacy benefit management organization in the United States.,Health Care
Extra Space Storage is a US provider of self storage units with 1483 facilities across 39 states plus Washington DC and Puerto Rico.,Real Estate
Exxon Mobil Corporation is an American multinational oil and gas corporation headquartered in Irving Texas.,Energy
F5 Networks is an American based company that specializes in application delivery networking technology for the delivery of web applications and the security performance availability of servers .,Information Technology
Facebook is an American online social media and social networking service company based in Menlo Park California.,Information Technology
Fastenal Company is an American company based in Winona Minnesota Distributing goods used by other businesses it has over 2600 branches throughout the US Canada Mexico and Europe along with 13 distribution centers.,Industrials
Federal Realty Investment Trust is a real estate investment trust that invests in shopping centers in the Northeastern United States the Mid Atlantic states California and South Florida.,Real Estate
FedEx Corporation is an American multinational courier delivery services company headquartered in Memphis Tennessee.,Industrials
Fidelity National Information Services better known by the abbreviation FIS is an international provider of financial services technology and outsourcing services.,Information Technology
Fifth Third Bank is a bank headquartered in Cincinnati Ohio at Fifth Third Center It is the principal subsidiary of Fifth Third Bancorp a bank holding company.,Financials
FirstEnergy Corp is an electric utility headquartered in Akron Ohio Its subsidiaries and affiliates are involved in the distribution transmission and generation of electricity as well as energy management and other energy related services.,Utilities
Fiserv is a US provider financial services technology The companys clients include banks thrifts credit unions securities broker dealers leasing and finance companies and retailers among others.,Information Technology
FLIR Systems is the worlds largest commercial company specializing in the design and production of thermal imaging cameras components and imaging sensors.,Information Technology
The Flowserve Corporation is an American multinational corporation and one of the largest suppliers of industrial and environmental machinery such as pumps valves end face mechanical seals automation .,Industrials
Fluor Corporation is a multinational engineering and construction firm headquartered in Irving Texas.,Industrials
FMC Corporation is an American chemical manufacturing company headquartered in Philadelphia Pennsylvania.,Materials
Foot Locker Retail is an American sportswear and footwear retailer with its headquarters in Midtown Manhattan New York City and operating in 28 countries worldwide.,Consumer Discretionary
The Ford Motor Company is an American multinational automaker headquartered in Dearborn Michigan a suburb of Detroit It was founded by Henry Ford and incorporated on June 16 1903.,Consumer Discretionary
Fortive is a diversified industrial conglomerate company headquartered in Everett Washington United States.,Industrials
Fortune Brands Home  Security is an American manufacturer of home fixtures and hardware headquartered in Deerfield Illinois.,Industrials
Franklin Resources is an American holding company that together with its subsidiaries is referred to as Franklin Templeton Investments it is a global investment firm founded in New York City in 1947 as Franklin Distributors.,Financials
Freeport McMoRan often called Freeport is a mining company based in the Freeport McMoRan Center in Phoenix Arizona.,Materials
"The Gap commonly known as Gap or Gap is an American worldwide clothing and accessories retailer
It was founded in 1969 by Donald Fisher and Doris F Fisher and is headquartered in San Francisco California.",Consumer Discretionary
Garmin Ltd is an American multinational technology company founded by Gary Burrell and Min Kao in 1989 in Lenexa Kansas United States with headquarters located in Olathe Kansas.,Consumer Discretionary
Gartner is an American research and advisory firm providing information technology related insight for IT and other business leaders located across the world Its headquarters are in Stamford Connecticut United States.,Information Technology
General Dynamics Corporation is an American aerospace and defense multinational corporation formed by mergers and divestitures It is the worlds fifth largest defense contractor based on 2012 revenues.,Industrials
General Electric is an American multinational conglomerate incorporated in New York and headquartered in Boston Massachusetts.,Industrials
"GGP is a publicly traded real estate investment trust that invests in shopping centers
The company is headquartered in Chicago Illinois.",Real Estate
General Mills is an American multinational manufacturer and marketer of branded consumer foods sold through retail stores It is headquartered in Golden Valley Minnesota a suburb of Minneapolis.,Consumer Staples
General Motors Company commonly referred to as General Motors is an American multinational corporation headquartered in Detroit that designs manufactures markets and distributes vehicles and vehicle parts and sells financial services.,Consumer Discretionary
Genuine Parts Company is an American service organization engaged in the distribution of automotive replacement parts industrial replacement parts office products and electrical and electronic materials.,Consumer Discretionary
Gilead Sciences commonly known as Gilead Sciences or Gilead is an American biopharmaceutical company that researches develops and commercializes drugs.,Health Care
Global Payments is an American company providing financial technology services globally Headquartered in Atlanta its stock is a component of the SP 500 stock market index.,Information Technology
The Goldman Sachs Group is an American multinational investment bank and financial services company headquartered in New York City.,Financials
The Goodyear Tire  Rubber Company is an American multinational tire manufacturing company founded in 1898 by Frank Seiberling and based in Akron Ohio.,Consumer Discretionary
W W Grainger is a Fortune 500 industrial supply company founded in 1927 in Chicago Grainger serves more than 3 million customers worldwide with offerings such as motors lighting material .,Industrials
Halliburton is an American multinational corporation One of the worlds largest oil field service companies it has operations in more than 70 countries.,Energy
Hanesbrands is an American clothing company based in Winston Salem North Carolina It employs 65300 people internationally On September 6 2006 the company was spun off by the Sara Lee Corporation.,Consumer Discretionary
Harley Davidson or Harley is an American motorcycle manufacturer founded in Milwaukee Wisconsin in 1903.,Consumer Discretionary
Harris Corporation is an American technology company defense contractor and information technology services provider that produces wireless equipment tactical radios electronic systems night vision .,Information Technology
Hasbro is an American multinational toy and board game company It is the largest toy maker in the world in terms of stock market value and third largest with revenues of approximately 512 billion.,Consumer Discretionary
Hospital Corporation of America is an American for profit operator of health care facilities that was founded in 1968.,Health Care
HCP formerly Healthcare Property Investors is a Real Estate Investment Trust invests primarily in real estate serving the United States healthcare industry.,Real Estate
Helmerich  Payne is a petroleum contract drilling company engaged in oil and gas well drilling for exploration and production companies headquartered in Tulsa Oklahoma with operations throughout the world.,Energy
Henry Schein is a distributor of health care products and services with a presence in 32 countries The company is a Fortune Worlds Most Admired Company and is ranked number one in its industry for social responsibility.,Health Care
Hewlett Packard Enterprise and its predecessor entities have a long history of developing and selling networking products.,Information Technology
Hilton Worldwide Holdings formerly Hilton Hotels Corporation is an American multinational hospitality company that manages and franchises a broad portfolio of hotels and resorts.,Consumer Discretionary
Hologic is an innovative medical technology company primarily focused on improving womens health and well being through early detection and treatment.,Health Care
The Home Depot or Home Depot is an American home improvement supplies retailing company that sells tools construction products and services.,Consumer Discretionary
Hormel Foods Corporation is an American food company based in Austin Minnesota The company was founded as George A Hormel  Company in Austin by George A Hormel in 1891 It changed its name to Hormel Foods in 1993.,Consumer Staples
Host Hotels  Resorts is a real estate investment trust that invests in hotels As of February 20 2018 the company owned 93 upscale hotels containing approximately 52000 rooms.,Real Estate
The Hewlett Packard Company or shortened to Hewlett Packard was an American multinational information technology company headquartered in Palo Alto California.,Information Technology
Humana is a for profit American health insurance company based in Louisville Kentucky As of 2014 Humana has had over 13 million customers in the US reported a 2013 revenue of US413 billion and has had 51600 employees.,Health Care
Huntington Bancshares is a bank holding company headquartered in Columbus Ohio The company is ranked 610th on the Fortune 500 It is on the list of largest banks in the United States.,Financials
"Huntington Ingalls Industries is an American Fortune 500 shipbuilding company formed on March 31 2011 as a spin off of Northrop Grumman
Mike Petters is currently the president and CEO of Huntington Ingalls Industries.",Industrials
IDEXX Laboratories is an American multinational corporation on the SP 500 and NASDAQ 100 indices engaged in the development manufacture and distribution of products and services for the companion .,Health Care
"IHS Markit Ltd is a global information provider based in London United Kingdom
IHS and Markit Ltd merged on July 13 2016.",Industrials
Illinois Tool Works or ITW is a Fortune 500 company that produces engineered fasteners and components equipment and consumable systems and specialty products It was founded in 1912 by Byron L Smith.,Industrials
Illumina is an American company incorporated in April 1998 that develops manufactures and markets integrated systems for the analysis of genetic variation and biological function.,Health Care
yte Corp is an American pharmaceutical company based in Alapocas Delaware The company was founded in Palo Alto California in 1991 and went public in 1993.,Health Care
Ingersoll Rand plc is an Irish global diversified industrial manufacturing company formed in 1905 by the merger of Ingersoll Sergeant Drill Company and Rand Drill Company rival companies that had each been founded in 1871.,Industrials
Intel Corporation is an American multinational corporation and technology company headquartered in Santa Clara California in the Silicon Valley.,Information Technology
Intercontinental Exchange is an American company that owns exchanges for financial and commodity markets and operates 23 regulated exchanges and marketplaces.,Financials
The International Business Machines Corporation is an American multinational technology company headquartered in Armonk New York United States with operations in over 170 countries.,Information Technology
The International Paper Company is an American pulp and paper company the largest such company in the world It has approximately 55000 employees and it is headquartered in Memphis Tennessee.,Materials
"The Interpublic Group of Companies is an American publicly traded advertising company
The company consists of three major networks: McCann Worldgroup Lowe and Partners and FCB.",Consumer Discretionary
Intuit is a business and financial software company that develops and sells financial accounting and tax preparation software and related services for small businesses accountants and individuals.,Information Technology
Intuitive Surgical is an American corporation that develops manufactures and markets robotic products designed to improve clinical outcomes of patients through minimally invasive surgery most notably with the da Vinci Surgical System.,Health Care
Invesco Ltd is an American independent investment management company that is headquartered in Atlanta Georgia United States and has branch offices in 20 countries.,Financials
IPG Photonics is a manufacturer of fiber lasers and fiber amplifiers IPG is headquartered in Oxford Massachusetts and operates internationally.,Information Technology
IQVIA formerly Quintiles IMS Holdings is an American multinational company serving the combined industries of health information technologies and clinical research.,Health Care
Iron Mountain is an American enterprise information management services company founded in 1951 and headquartered in Boston Massachusetts.,Real Estate
JB Hunt Transport Services is a trucking and transportation company that was founded by Johnnie Bryan Hunt and based in the Northwest Arkansas city of Lowell.,Industrials
Jacobs Engineering Group is an international technical professional services firm.,Industrials
The J M Smucker Company also known as Smucker and Smuckers is an American manufacturer of fruit spreads ice cream toppings beverages shortening peanut butter oils and other products in North America.,Consumer Staples
Johnson  Johnson is an American multinational medical devices pharmaceutical and consumer packaged goods manufacturing company founded in 1886.,Health Care
Johnson Controls International plc is a multinational conglomerate headquartered in Cork Ireland that produces automotive parts such as batteries and electronics and HVAC equipment for buildings.,Industrials
JPMorgan Chase  Co is an American multinational investment bank and financial services company headquartered in New York City.,Financials
Juniper Networks is an American multinational corporation headquartered in Sunnyvale California that develops and markets networking products.,Information Technology
The Kansas City Southern Railway Company owned by Kansas City Southern is the smallest and third oldest Class I railroad in North America still in operation Founded in 1887 KCS currently operates in 10 central US states.,Industrials
Kellogg Company doing business as Kelloggs is an American multinational food manufacturing company headquartered in Battle Creek Michigan United States.,Consumer Staples
KeyBank the primary subsidiary of KeyCorp is a regional bank headquartered in Cleveland Ohio and is the only major bank based in Cleveland KeyBank is on the list of largest banks in the United States.,Financials
Kimberly Clark Corporation is an American multinational personal care corporation that produces mostly paper based consumer products.,Consumer Staples
Kimco Realty Corporation is a real estate investment trust headquartered in New Hyde Park New York that is one of North Americas largest publicly traded owner and operator of open air shopping centers.,Real Estate
Kinder Morgan is one of the largest energy infrastructure companies in North America The company specializes in owning and controlling oil and gas pipelines and terminals.,Energy
KLA Tencor Corporation is a global capital equipment company based in Milpitas California It supplies process control and yield management systems for the semiconductor industry and other related nanoelectronics industries.,Information Technology
Kohls Corporation is an American department store retailing chain The first Kohls store was a corner grocery store opened in Milwaukee Wisconsin in 1927 by Polish immigrant Maxwell Kohl.,Consumer Discretionary
Kraft Foods Group is an American grocery manufacturing and processing conglomerate headquartered in the Chicago suburb of Northfield Illinois part of the Kraft Heinz Company.,Consumer Staples
The Kroger Company or simply Kroger is an American retailing company founded by Bernard Kroger in 1883 in Cincinnati Ohio.,Consumer Staples
"L Brands is an American fashion retailer based in Columbus Ohio
Its flagship brands include Victorias Secret and Bath  Body Works.",Consumer Discretionary
L3 Technologies formerly L 3 Communications Holdings is an American company that supplies command and control communications intelligence surveillance and reconnaissance systems and products .,Industrials
Lam Research Corporation is an American corporation that engages in the design manufacture marketing and service of semiconductor processing equipment used in the fabrication of integrated circuits.,Information Technology
Lennar Corporation is a home construction and real estate company based in Miami Florida In 2017 the company was the largest home construction company in the United States after its purchase of CalAtlantic Homes.,Consumer Discretionary
Jefferies Financial Group is an American conglomerate and investment holding company based in New York City.,Financials
Eli Lilly and Company is a global pharmaceutical company headquartered in Indianapolis Indiana with offices in 18 countries Its products are sold in approximately 125 countries.,Health Care
Lincoln National Corporation is a Fortune 250 American holding company which operates multiple insurance and investment management businesses through subsidiary companies.,Financials
LKQ Corporation is a US based provider of alternative and specialty parts to repair and accessorize automobiles and other vehicles LKQ has operations in North America Europe and Taiwan.,Consumer Discretionary
Lockheed Martin is an American global aerospace defense security and advanced technologies company with worldwide interests It was formed by the merger of Lockheed Corporation with Martin Marietta in March 1995.,Industrials
Loews Corporation is an American conglomerate headquartered in New York City The companys majority stake holdings include CNA Financial Corporation Diamond Offshore Drilling Boardwalk Pipeline .,Financials
Lowes Companies doing business as Lowes and stylized as LOWES is a Fortune 500 American company that operates a chain of retail home improvement and appliance stores in the United States Canada and Mexico.,Consumer Discretionary
LyondellBasell Industries NV is a public multinational chemical company with American and European roots incorporated in the Netherlands with US operations headquarters in Houston Texas and global operations in London UK.,Materials
Macerich is a self managed Real Estate Investment Trust headquartered in Santa Monica California It is the third largest owner and operator of shopping centers in the United States.,Real Estate
Macys is an American department store chain it was founded by Rowland Hussey Macy in 1858 It became a division of the Cincinnati based Federated Department Stores in 1994 through which it is affiliated .,Consumer Discretionary
Marathon Oil Corporation is an American petroleum and natural gas exploration and production company headquartered in the Marathon Oil Tower in Houston Texas.,Energy
Marathon Petroleum Corporation is an American petroleum refining marketing and transportation company headquartered in Findlay Ohio The company was a wholly owned subsidiary of Marathon Oil until a corporate spin off in 2011.,Energy
Marsh is a global professional services firm headquartered in New York City with operations in insurance broking and risk management Marsh is a subsidiary of Marsh  McLennan Companies and a member of its Risk  Insurance Services business unit.,Financials
Martin Marietta an American based company and a member of the SP 500 Index is a leading supplier of aggregates and heavy building materials with operations spanning 26 states Canada and the Caribbean.,Materials
Masco Corporation is a manufacturer of products for the home improvement and new home construction markets.,Industrials
Mastercardorporated is an American multinational financial services corporation headquartered in the Mastercard International Global Headquarters in Purchase New York United States.,Information Technology
Mattel is an American multinational toy manufacturing company founded in 1945 with headquarters in El Segundo California.,Consumer Discretionary
McDonalds is an American fast food company founded in 1940 as a restaurant operated by Richard and Maurice McDonald in San Bernardino California United States They rechristened their business as a hamburger stand.,Consumer Discretionary
McKesson Corporation is an American healthcare company distributing pharmaceuticals and providing health information technology medical supplies and care management tools The company had revenues of 1985 billion in 2017.,Health Care
Medtronic plc is a medical device company Its headquarters are in Dublin Ireland Its operational headquarters are in Fridley Minnesota Medtronic is among the worlds largest medical equipment development companies.,Health Care
Merck  Company dba Merck Sharp  Dohme outside the United States and Canada is an American pharmaceutical company and one of the largest pharmaceutical companies in the world.,Health Care
MetLife is the holding corporation for the Metropolitan Life Insurance Company better known as MetLife and its affiliates.,Financials
METTLER TOLEDO is a multinational manufacturer of scales and analytical instruments It is the largest provider of weighing instruments for use in laboratory industrial and food retailing applications.,Health Care
MGM Resorts International is an American global hospitality and entertainment company operating destination resorts in Las Vegas Mississippi Maryland New Jersey and Detroit including Bellagio MGM Grand Mandalay Bay and The Mirage.,Consumer Discretionary
Michael Kors Holdings Limited is an American fashion company It was started in 1981 by Michael Kors and opened its first retail stores in 2006 It sells clothes shoes watches handbags and other accessories.,Consumer Discretionary
Microchip Technology is an American manufacturer of microcontroller memory and analog semiconductors.,Information Technology
Micron Technology is an American global corporation based in Boise Idaho The company produces many forms of semiconductor devices including dynamic random access memory flash memory and solid state drives.,Information Technology
Microsoft Corporation is an American multinational technology company with headquarters in Redmond Washington It develops manufactures licenses supports and sells computer software consumer electronics personal computers and services.,Information Technology
Mid America Apartment Communities is a publicly traded real estate investment trust based in Memphis Tennessee that invests in apartments in the Southeastern United States and the Southwestern United States.,Real Estate
Mohawk Industries is an American flooring manufacturer based in Calhoun Georgia United States Mohawk produces floor covering products for residential and commercial applications in North America and residential applications in Europe.,Consumer Discretionary
The Molson Coors Brewing Company is a multinational brewing company formed in 2005 by the merger of Molson of Canada and Coors of the United States It is the worlds seventh largest brewer by volume.,Consumer Staples
Mondelz International is an American multinational confectionery food and beverage company based in Illinois which employs about 107000 people around the world.,Consumer Staples
Monsanto Company is a publicly traded American multinational agrochemical and agricultural biotechnology corporation It is headquartered in Creve Coeur Greater St Louis Missouri.,Materials
Monster Beverage Corporation is an American beverage company that manufactures energy drinks including Monster Energy Relentless and Burn.,Consumer Staples
Moodys Investors Service often referred to as Moodys is the bond credit rating business of Moodys Corporation representing the companys traditional line of business and its historical name.,Financials
Morgan Stanley is an American multinational investment bank and financial services company headquartered at 1585 Broadway in the Morgan Stanley Building Midtown Manhattan New York City.,Financials
Motorola Solutions is an American data communications and telecommunications equipment provider that succeeded Motorola following the spinoff of the mobile phone division into Motorola Mobility in 2011.,Information Technology
Mylan NV is an American global generic and specialty pharmaceuticals company registered in the Netherlands with principal executive offices in Hatfield Hertfordshire UK and global headquarters in Canonsburg Pennsylvania US.,Health Care
Nasdaq is an American multinational financial services corporation that owns and operates the NASDAQ stock market and eight European stock exchanges namely Armenian Stock Exchange Copenhagen .,Financials
National Oilwell Varco is an American multinational corporation based in Greater Sharpstown Houston Texas.,Energy
Navient is a US corporation based in Wilmington Delaware whose operations include servicing and collecting on student loans.,Financials
Nektar Therapeutics is an American biopharmaceutical company The company was founded in 1990 and is based in San Francisco California.,Health Care
NetApp is a hybrid cloud data services company headquartered in Sunnyvale California It has ranked in the Fortune 500 since 2012.,Information Technology
Netflix is an American entertainment company headquartered in Los Gatos California Founded in 1997 by Reed Hastings and Marc Randolph in Scotts Valley California the companys primary businesses .,Information Technology
Newell Brands is an American worldwide marketer of consumer and commercial products with a portfolio of brands including Rubbermaid food storage home organization and reusable container products .,Consumer Discretionary
Newfield Exploration Company is a petroleum natural gas and natural gas liquids exploration and production company organized in Delaware and headquartered in Houston Texas.,Energy
Newmont Mining Corporation based in Greenwood Village Colorado USA is a mining company that traces its roots to the diversified holding company William Boyce Thompson established in 1916.,Materials
NextEra Energy is a Fortune 200 energy company with about 45900 megawatts of generating capacity revenues of over 17 billion and about 14000 employees throughout the United States and Canada.,Utilities
Nielsen Holdings PLC is a global information data and measurement company with headquarters in the UK Nielsen operates in over 100 countries and employs approximately 44000 people worldwide Total revenues were 62 billion in 2015.,Industrials
Nike is an American multinational corporation that is engaged in the design development manufacturing and worldwide marketing and sales of footwear apparel equipment accessories and services.,Consumer Discretionary
NiSource is one of the largest fully regulated utility companies in the United States serving approximately 35 million natural gas customers and 500000 electric customers across seven states .,Utilities
Noble Energy formerly Noble Affiliates is an American petroleum and natural gas exploration and production company headquartered in Houston Texas The company is ranked 653rd on the Fortune 1000.,Energy
Nordstrom is an American based chain of department stores also operating in Canada and Puerto Rico headquartered in Seattle Washington.,Consumer Discretionary
Northern Trust Corporation is a financial services company organized in Delaware and headquartered in Chicago Illinois that caters to corporations institutional investors and high net worth individuals.,Financials
Northrop Grumman Corporation is an American global aerospace and defense technology company formed by Northrops 1994 purchase of Grumman The company was the fifth largest defense contractor in the world in 2015.,Industrials
Norwegian Cruise Line is a subsidiary of Norwegian Cruise Line Holdings Ltd an American Bermudian company operating cruise ships headquartered in unincorporated Miami Dade County Florida.,Consumer Discretionary
NRG Energy is a large American energy company dual headquartered in West Windsor Township New Jersey and Houston Texas It was formerly the wholesale arm of Xcel Energy and was spun off in bankruptcy in 2004.,Utilities
Nucor Corporation is a producer of steel and related products headquartered in Charlotte North Carolina It is the largest steel producer in the United States of America and is the largest mini mill steelmaker.,Materials
Nvidia Corporation is an American technology company incorporated in Delaware and based in Santa Clara California.,Information Technology
OReilly Auto Parts is an American auto parts retailer that provides automotive aftermarket parts tools supplies equipment and accessories in the United States serving both the professional service providers and do it yourself customers.,Consumer Discretionary
Occidental Petroleum Corporation is an American multinational petroleum and natural gas exploration and production company incorporated in Delaware and headquartered in Houston Texas with operations .,Energy
Omnicom Group is an American global marketing and corporate communications holding company headquartered in New York City.,Consumer Discretionary
ONEOK is a diversified Fortune 200 corporation based in Tulsa Oklahoma ONEOK was founded in 1906 as Oklahoma Natural Gas Company but It changed its corporate name to ONEOK in December 1980.,Energy
Oracle Corporation is an American multinational computer technology corporation headquartered in Redwood Shores California.,Information Technology
PACCAR is an American Fortune 500 company and counts among the largest manufacturers of medium  and heavy duty commercial vehicles in the world.,Industrials
"Packaging Corporation of America is an American manufacturing company based in Lake Forest Illinois
The company has about 14000 employees with operations primarily in the United States.",Materials
Parker Hannifin Corporation originally Parker Appliance Company usually referred to as just Parker is an American corporation specializing in motion and control technologies.,Industrials
Paychex is an American provider of payroll human resource and benefits outsourcing services for small  to medium sized businesses.,Information Technology
PayPal Holdings is an American company operating a worldwide online payments system that supports online money transfers and serves as an electronic alternative to traditional paper methods like checks and money orders.,Information Technology
Pentair plc is a multinational diversified industrial company incorporated in Ireland with tax residency in UK with its main US office located in Minneapolis Minnesota.,Industrials
Peoples United Financial is a bank holding company that owns Peoples United Bank The bank operates 403 branches in Connecticut southeastern New York State Massachusetts Vermont Maine and New Hampshire.,Financials
PepsiCo is an American multinational food snack and beverage corporation headquartered in Purchase New York PepsiCo has interests in the manufacturing marketing and distribution of grain based snack foods beverages and other products.,Consumer Staples
PerkinElmer is an American multinational corporation focused in the business areas of human and environmental health including: environmental analysis food and consumer product safety medical .,Health Care
Perrigo Company plc is an American international manufacturer of private label over the counter pharmaceuticals.,Health Care
"Pfizer is an American pharmaceutical conglomerate headquartered in New York City with its research headquarters in Groton Connecticut
Pfizer is one of the worlds largest pharmaceutical companies.",Health Care
Procter  Gamble Co is an American multi national consumer goods corporation headquartered in downtown Cincinnati Ohio founded in 1837 by British American William Procter and Irish American James Gamble.,Utilities
Philip Morris International is an American multinational cigarette and tobacco manufacturing company with products sold in over 180 countries outside the United States The most recognized and best selling product of the company is Marlboro.,Consumer Staples
The Phillips 66 Company is an American multinational energy company headquartered in Westchase Houston Texas It debuted as an independent energy company when ConocoPhillips executed a spin off of its downstream and midstream assets.,Energy
Pioneer Natural Resources Company is an American petroleum natural gas and natural gas liquids exploration and production company organized in Delaware and headquartered in Irving Texas.,Energy
PNC Financial Services Group is a bank holding company and financial services corporation based in Pittsburgh Its bank operates in 19 states and the District of Columbia with 2459 branches and 9051 ATMs.,Financials
Ralph Lauren Corporation is an American corporation They are known for the clothing marketing and distribution of products in four categories: apparel home accessories and fragrances.,Consumer Discretionary
PPG Industries is an American Fortune 500 company and global supplier of paints coatings and specialty materials With headquarters in Pittsburgh Pennsylvania PPG operates in more than 70 countries around the globe.,Materials
The PPL Corporation is an energy company headquartered in Allentown Pennsylvania USA It currently controls about 8000 megawatts of regulated electric generating capacity in the United States and .,Utilities
Praxair is an American worldwide industrial gases company It is the largest industrial gases company in North and South America and the third largest worldwide by revenue.,Materials
The Principal Financial Group is a global financial investment management and insurance company headquartered in Des Moines Iowa.,Financials
Procter  Gamble Co is an American multi national consumer goods corporation headquartered in downtown Cincinnati Ohio founded in 1837 by British American William Procter and Irish American James Gamble.,Consumer Staples
The Progressive Corporation is one of the largest providers of car insurance in the United States The company also insures motorcycles boats RVs and commercial vehicles and provides home insurance through select companies.,Financials
Prudential Financial is an American Fortune Global 500 and Fortune 500 company whose subsidiaries provide insurance investment management and other financial products and services to both retail .,Financials
Public Storage is an American international self storage company headquartered in Glendale California that is run as a real estate investment trust It is the largest brand of self storage services in the US.,Real Estate
PulteGroup is a home construction company based in Atlanta Georgia United States In 2016 the company was the 3rd largest home construction company in the United States based on the number of homes closed.,Consumer Discretionary
PVH Corp formerly known as the Phillips Van Heusen Corporation is an American clothing company which owns brands such as Van Heusen Tommy Hilfiger Calvin Klein IZOD Arrow and licenses brands such .,Consumer Discretionary
Qorvo is an American semiconductor company that designs manufactures and supplies radio frequency systems and solutions for applications that drive wireless and broadband communications as well as foundry services.,Information Technology
Qualcomm is an American multinational semiconductor and telecommunications equipment company that designs and markets wireless telecommunications products and services.,Information Technology
Quanta Services is a US corporation that provides engineering procurement and construction services for electric power infrastructure and oil and gas infrastructure industries and formerly for telecommunications and broadband cable.,Industrials
Quest Diagnosticsorporated is an American clinical laboratory with headquarters in Madison New Jersey Founded in 1967 as Metropolitan Pathology Laboratory it became an independent corporation with the Quest name on December 31 1996.,Health Care
Range Resources Corporation is a petroleum and natural gas exploration and production company organized in Delaware and headquartered in Fort Worth Texas It is one of the largest exploration companies operating in the Marcellus Formation.,Energy
The Raytheon Company is a major US defense contractor and industrial corporation with core manufacturing concentrations in weapons and military and commercial electronics.,Industrials
Realtyome Corporation is a real estate investment trust that invests in shopping centers in the United States and Puerto Rico that are subject to NNN Leases The company is organized in Maryland with its headquarters in San Diego California.,Real Estate
Red Hat is an American multinational software company providing open source software products to the enterprise community Founded in 1993 Red Hat has its corporate headquarters in Raleigh North Carolina with satellite offices worldwide.,Information Technology
Regency Centers Corporation is a real estate investment trust based in Jacksonville Florida and is one of the largest operators of grocery anchored shopping centers.,Real Estate
Regeneron Pharmaceuticals is a biotechnology company headquartered in Eastview near Tarrytown New York The company was founded in 1988.,Health Care
Regions Financial Corporation is a bank and financial services company headquartered in the Regions Center in Birmingham Alabama.,Financials
Republic Services is the second largest provider of non hazardous solid waste collection transfer disposal recycling and energy services in the United States as measured by revenue.,Industrials
ResMed is a San Diego California based medical equipment company It deals primarily in equipment related to the treatment of sleep related breathing disorders including sleep apnea chronic obstructive .,Health Care
Robert Half most recently Robert Half International is an American human resource consulting firm based in Menlo Park California.,Industrials
Rockwell Automation is an American provider of industrial automation and information products Brands include Allen Bradley and Rockwell Software.,Industrials
Rockwell Collins is an American multinational company headquartered in Cedar Rapids Iowa providing avionics and information technology systems and services to governmental agencies and aircraft manufacturers.,Industrials
Roper Technologies is an American diversified industrial company that produces engineered products for global niche markets The company is headquartered in Sarasota Florida.,Industrials
Ross is an American chain of off price department stores headquartered in Dublin California officially operating under the brandname Ross Dress for Less It is the largest off priced retailer in the US.,Consumer Discretionary
Royal Caribbean International is a cruise line brand founded in Norway and based in Miami Florida United States It is owned by Royal Caribbean Cruises Ltd.,Consumer Discretionary
Sprint Corporation is a United States telecommunications company that provides wireless services and is an internet service provider.,Financials
Salesforcecom is an American cloud computing company headquartered in San Francisco California.,Information Technology
SBA Communications Corporation owns and operates wireless infrastructure including small cells indoor and outdoor distributed antenna systems and traditional cell sites that support antennas used for .,Real Estate
SCANA Corporation is a 5 billion energy based holding company based in Cayce South Carolina a suburb of Columbia Its businesses include regulated electric and natural gas utility operations and other energy related businesses.,Utilities
Schlumberger Limited is the worlds largest oilfield services company Schlumberger employs approximately 100000 people representing more than 140 nationalities working in more than 85 countries.,Energy
Seagate Technology PLC is an American data storage company It was incorporated in 1978 as Shugart Technology Since 2010 the company is incorporated in Dublin Ireland with operational headquarters in Cupertino California United States.,Information Technology
Sealed Air Corporation is a packaging company known for its brands: Cryovac food packaging and Bubble Wrap cushioning packaging Sealed Air Corporation has two divisions: Food Care  Product Care It sold off its stake in Diversey Care in 2017.,Materials
Sempra Energy is an American natural gas utilities holding company based in San Diego California It divides its interests into two broad categories: California utilities including Southern California .,Utilities
The Sherwin Williams Company is an American Fortune 500 company in the general building materials industry.,Materials
Simon Property Group is an American commercial real estate company the largest real estate investment trust and the largest shopping mall operator in the US.,Real Estate
"Skyworks Solutions is an American semiconductor company headquartered in Woburn Massachusetts United States
Skyworks manufactures semiconductors for use in radio frequency and mobile communications systems.",Information Technology
SL Green Realty Corp is a real estate investment trust that primarily invests in office buildings and shopping centers in New York City.,Real Estate
Snap onorporated is a designer manufacturer and marketer of high end tools and equipment for professional use in the transportation industry including the automotive heavy duty equipment marine aviation and railroad industries.,Consumer Discretionary
Southern Company is an American gas and electric utility holding company based in the southern United States It is headquartered in Atlanta Georgia with executive offices also located in Birmingham Alabama.,Utilities
Southwest Airlines Co is a major US airline headquartered in Dallas Texas and North Americas largest low cost carrier.,Industrials
Stanley Black is an American real estate investor and philanthropist from Beverly Hills California He is the Founder and Chairman of the Black Equities Group.,Consumer Discretionary
Starbucks Corporation is an American coffee company and coffeehouse chain Starbucks was founded in Seattle Washington in 1971 As of 2017 the company operates 26696 locations worldwide.,Consumer Discretionary
State Street Corporation is a financial services and bank holding company headquartered at One Lincoln Street in Boston with operations worldwide.,Financials
Stericycle is a compliance company that specializes in collecting and disposing regulated substances such as medical waste and sharps pharmaceuticals hazardous waste and providing services for recalled and expired goods.,Industrials
Stryker Corporation is a Fortune 500 medical technologies firm based in Kalamazoo Michigan Strykers products include implants used in joint replacement and trauma surgeries surgical equipment and .,Health Care
SunTrust Banks is an American bank holding company The largest subsidiary is SunTrust Bank It had US199 billion in assets as of March 31 2018.,Financials
Silicon Valley Bank a subsidiary of SVB Financial Group is a US based high tech commercial bank The bank has helped fund more than 30000 start ups SVB is on the list of largest banks in the United States.,Financials
Symantec Corporation is an American software company headquartered in Mountain View California United States The company provides cybersecurity software and services.,Information Technology
Synchrony Financial is a consumer financial services company headquartered in Stamford Connecticut United States.,Financials
Synopsys an American company is the leading company by sales in the Electronic Design Automation industry Synopsys first and best known product is Design Compiler a logic synthesis tool.,Information Technology
Sysco Corporation is an American multinational corporation involved in marketing and distributing food products to restaurants healthcare and educational facilities hotels and inns and other foodservice and hospitality businesses.,Consumer Staples
T Rowe Price Group is an American publicly owned global asset management firm that offers funds advisory services account management and retirement plans and services for individuals institutions and financial intermediaries.,Financials
Take Two Interactive Software is an American video game holding company based in New York City.,Information Technology
Tapestry is an American multinational luxury fashion company based in New York City Tapestry owns three major brands: Coach New York Kate Spade New York and Stuart Weitzman.,Consumer Discretionary
Target Corporation is the second largest discount store retailer in the United States behind Walmart and a component of the SP 500 Index.,Consumer Discretionary
TE Connectivity is a technology company that designs and manufactures connectivity and sensor products for harsh environments in a variety of industries such as automotive industrial equipment data .,Information Technology
TechnipFMC plc is a UK based company that provides complete project life cycle services for the energy industry TechnipFMC was ranked 23rd among worlds Top 225 International Design Firms in the year 2017 by Engineering News Record.,Energy
Texas Instruments is an American technology company that designs and manufactures semiconductors and various integrated circuits which it sells to electronics designers and manufacturers globally.,Information Technology
Textron is an American global aerospace defense security and advanced technologies industrial conglomerate Textron includes Bell Helicopter Cessna Aircraft Beechcraft and other components.,Industrials
The Bank of New York Mellon Corporation which does business as BNY Mellon is an American worldwide banking and financial services holding company headquartered in New York City.,Financials
The Clorox Company based in Oakland California is an American worldwide manufacturer and marketer of consumer and professional products with approximately 8100 employees worldwide as of June 30 2017.,Consumer Staples
The Cooper Companies is an American company in the medical specialities sector With its headquarters in Pleasanton California it has over 8000 employees and consists of two subsidiaries .,Health Care
The Hershey Company known until April 2005 as the Hershey Foods Corporation and commonly called Hersheys is an American company and one of the largest chocolate manufacturers in the world.,Consumer Staples
The Mosaic Company is a Fortune 500 company based in Plymouth Minnesota which mines phosphate and potash and is the largest US producer of potash and phosphate fertilizer.,Materials
The Travelers Companies is an American insurance company It is the second largest writer of US commercial property casualty insurance and the third largest writer of US personal insurance through independent agents.,Financials
The Walt Disney Company commonly known as Disney is an American diversified multinational mass media and entertainment conglomerate headquartered at the Walt Disney Studios in Burbank California.,Consumer Discretionary
Thermo Fisher Scientific is an American multinational biotechnology product development company created in 2006 by the merger of Thermo Electron and Fisher Scientific.,Health Care
Tiffany  Company is an American luxury jewelry and specialty retailer headquartered in New York City.,Consumer Discretionary
Time Warner is an American multinational mass media and entertainment conglomerate headquartered in New York City It is currently the worlds third largest entertainment company in terms of revenue after Comcast and The Walt Disney Company.,Consumer Discretionary
The TJX Companies is an American multinational off price department store corporation headquartered in Framingham Massachusetts It remained from the original Zayre Corp that was established in 1956.,Consumer Discretionary
Torchmark Corporation founded in 1900 in Birmingham Alabama and based in McKinney Texas is a financial services holding company listed on the New York Stock Exchange which operates through its wholly .,Financials
Total System Services is a United States credit card processor merchant acquirer and bank credit card issuer.,Information Technology
Tractor Supply Company is an American retail chain of stores that offers products for home improvement agriculture lawn and garden maintenance and livestock equine and pet care It is a leading US retailer in its market.,Consumer Discretionary
TransDigm Grouporporated develops distributes and manufactures commercial and military aerospace components such as mechanical actuators and ignition systems.,Industrials
TripAdvisor is an American travel and restaurant website company providing hotel and restaurant reviews accommodation bookings and other travel related content It also includes interactive travel forums.,Consumer Discretionary
Tyson Foods also known by the public as Tyson Corporation is an American multinational corporation based in Springdale Arkansas that operates in the food industry.,Consumer Staples
US Bancorp is a bank holding company based in Minneapolis Minnesota It is the parent company of US Bank National Association known as US Bank which is ranked 7th on the list of largest banks in the United States.,Financials
UDR is a publicly traded real estate investment trust that invests in apartments The company is organized in Maryland with its headquarters in Highlands Ranch Colorado.,Real Estate
Ulta Beauty is a chain of beauty stores in the United States headquartered in Bolingbrook Illinois Ulta Beauty carries cosmetics and skincare brands mens and womens fragrances and haircare products.,Consumer Discretionary
The Union Pacific Railroad is a freight hauling railroad that operates 8500 locomotives over 32100 route miles in 23 states west of Chicago and New Orleans.,Industrials
United Continental Holdings is a publicly traded airline holding company headquartered in the Willis Tower in Chicago UCH owns and operates United Airlines.,Industrials
UnitedHealth Group is an American for profit managed health care company based in Minnetonka Minnesota It is 5th in the United States on the Fortune 500 UnitedHealth Group offers health care products and insurance services.,Health Care
United Parcel Service is an American multinational package delivery company and a provider of supply chain management solutions.,Industrials
United Rentals is the largest equipment rental company in North America with about 114 percent of the regions market share.,Industrials
United Technologies Corporation is an American multinational conglomerate headquartered in Farmington Connecticut.,Industrials
Universal Health Services is an American Fortune 500 company based in King of Prussia Pennsylvania It is one of the largest hospital management companies in the United States.,Health Care
Unum Group is a Chattanooga Tennessee based Fortune 500 insurance company formerly known as UnumProvident.,Financials
VF Corporation is an American worldwide apparel and footwear company founded in 1899 and headquartered in Greensboro North Carolina.,Consumer Discretionary
Valero Energy Corporation is a Fortune 500 international manufacturer and marketer of transportation fuels other petrochemical products and power It is headquartered in San Antonio Texas United States.,Energy
Varian Medical Systems of Palo Alto California USA is a radiation oncology treatments and software maker.,Health Care
Ventas a real estate investment trust invests primarily in real estate serving the United States healthcare industry The company acquires develops leases disposes and manages healthcare real estate.,Real Estate
Verisign is an American company based in Reston Virginia United States that operates a diverse array of network infrastructure including two of the Internets thirteen root nameservers the .,Information Technology
Verisk Analytics is an American data analytics and risk assessment firm based in Jersey City New Jersey United States serving customers worldwide in insurance natural resources financial services government and risk management.,Industrials
Verizon Communications or simply Verizon is an American multinational telecommunications conglomerate and a corporate component of the Dow Jones Industrial Average.,Telecommunication Services
"Vertex Pharmaceuticals is an American pharmaceutical company based in Boston Massachusetts
Vertex was founded in 1989 by Joshua Boger and Kevin J Kinsella.",Health Care
Viacom is an American multinational media conglomerate with interests primarily in cinema and cable television.,Consumer Discretionary
Visa is an American multinational financial services corporation headquartered in Foster City California United States.,Information Technology
Vornado Realty Trust is a real estate investment trust formed in Maryland with its primary office in New York City The company invests in office buildings and street retail in Manhattan.,Real Estate
Vulcan Materials Company is an American company based in Birmingham Alabama It is principally engaged in the production distribution and sale of construction materials.,Materials
Walmart is an American multinational retail corporation that operates a chain of hypermarkets discount department stores and grocery stores.,Consumer Staples
Walgreens Boots Alliance is an American holding company headquartered in Deerfield Illinois that owns Walgreens Boots and a number of pharmaceutical manufacturing wholesale and distribution companies.,Consumer Staples
Waste Management is an American waste management comprehensive waste and environmental services company in North America Founded in 1971 the company is headquartered in the First City Tower in Houston Texas.,Industrials
Waters Corporation is a publicly traded Analytical Laboratory instrument and software company headquartered in Milford Massachusetts.,Health Care
WEC Energy Group based in Milwaukee Wisconsin provides electricity and natural gas to 44 million customers across four states through its brands  We Energies Wisconsin Public Service Peoples .,Utilities
Wells Fargo  Company is an American multinational financial services company headquartered in San Francisco California with central offices throughout the country.,Financials
Welltower is a real estate investment trust that mostly invests in seniors housing assisted living and memory care communities post acute care facilities and medical office buildings.,Real Estate
Western Digital Corporation is an American computer data storage company and one of the largest computer hard disk drive manufacturers in the world along with its main competitor Seagate Technology.,Information Technology
The Western Union Company is an American financial services and communications company Its headquarters is in Meridian Colorado although the postal designation of nearby Englewood is used in its mailing address.,Information Technology
RockTenn was an American paper and packaging manufacturer based in Norcross Georgia In 2015 it merged with MeadWestvaco to form the WestRock company.,Materials
Weyerhaeuser Company is one of the worlds largest private owners of timberlands owning or controlling nearly 124 million acres of timberlands in the US and managing additional 140 million acres timberlands under long term licenses in Canada.,Real Estate
The Whirlpool Corporation is an American multinational manufacturer and marketer of home appliances headquartered in Benton Charter Township Michigan United States near Benton Harbor Michigan.,Consumer Discretionary
The Williams Companies is an energy company based in Tulsa Oklahoma Its core business is natural gas processing and transportation with additional petroleum and electricity generation assets.,Energy
Willis Towers Watson is a global multinational risk management insurance brokerage and advisory company.,Financials
Wyndham Worldwide Corporation is an American hospitality company it is the holding company for Wyndham Hotels  Resorts RCI and other lodging brands It was spun off from Cendant Corporation in July 2006.,Consumer Discretionary
Wynn Resorts Ltd is an American publicly traded corporation based on the Las Vegas Strip Nevada that is a developer and operator of high end hotels and casinos.,Consumer Discretionary
Xcel Energy is a utility holding company based in Minneapolis Minnesota serving more than 33 million electric customers and 18 million natural gas customers in Minnesota Michigan Wisconsin .,Utilities
Xerox Corporation is an American global corporation that sells print and digital document solutions and document technology products in more than 160 countries.,Information Technology
Xilinx is an American technology company primarily a supplier of programmable logic devices It is known for inventing the field programmable gate array and as the first semiconductor company with a fabless manufacturing model.,Information Technology
XL Group Ltd is a global insurance and reinsurance company headquartered in Hamilton Bermuda with executive offices in Stamford Connecticut United States The company has more than 100 offices on 6 continents.,Financials
Xylem is a large American water technology provider enabling customers worldwide to transport treat test and efficiently use water in public utility residential commercial agricultural and industrial settings.,Industrials
Yum Brands or Yum and formerly Tricon Global Restaurants is an American fast food company.,Consumer Discretionary
Zimmer Biomet is a publicly traded medical device company It was founded in 1927 to produce aluminum splints The firm is headquartered in Warsaw Indiana where it is part of the medical devices business cluster.,Health Care
Zions Bancorporation is a bank holding company headquartered in Salt Lake City Utah that is one of the largest banks in the United States.,Financials
Zoetis is the worlds largest producer of medicine and vaccinations for pets and livestock The company was a subsidiary of Pfizer the worlds largest drug maker but with Pfizers spinoff of .,Health Care
